 Absorb Vis;$0.15
 Aerie Mystics;$0.16
 Ancient Ziggurat;$3.46
 Apocalypse Hydra;$2.99
 Armillary Sphere;$0.17
 Asha's Favor;$0.20
 Aven Squire;$0.15
 Aven Trailblazer;$0.15
 Banefire;$1.28
 Beacon Behemoth;$0.15
 Blood Tyrant;$0.61
 Bloodhall Ooze;$0.79
 Bone Saw;$0.18
 Brackwater Elemental;$0.15
 Canyon Minotaur;$0.15
 Celestial Purge;$0.20
 Charnelhoard Wurm;$0.34
 Child of Alara;$3.63
 Cliffrunner Behemoth;$0.33
 Conflux;$3.66
 Constricting Tendrils;$0.15
 Controlled Instincts;$0.20
 Corrupted Roots;$0.17
 Countersquall;$2.37
 Court Homunculus;$0.15
 Cumber Stone;$0.17
 Cylian Sunsinger;$0.28
 Dark Temper;$0.15
 Darklit Gargoyle;$0.15
 Drag Down;$0.15
 Dragonsoul Knight;$0.18
 Dreadwing;$0.17
 Elder Mastery;$0.17
 Ember Weaver;$0.15
 Esper Cormorants;$0.15
 Esperzoa;$0.17
 Ethersworn Adjudicator;$5.00
 Exotic Orchard;$3.25
 Exploding Borders;$0.15
 Extractor Demon;$0.31
 Faerie Mechanist;$0.15
 Fiery Fall;$0.15
 Filigree Fracture;$0.19
 Fleshformer;$0.16
 Font of Mythos;$5.99
 Frontline Sage;$0.15
 Fusion Elemental;$0.28
 Giltspire Avenger;$0.95
 Gleam of Resistance;$0.15
 Gluttonous Slime;$0.17
 Goblin Outlander;$0.15
 Goblin Razerunners;$0.31
 Grixis Illusionist;$0.15
 Grixis Slavedriver;$0.18
 Gwafa Hazid, Profiteer;$1.71
 Hellkite Hatchling;$0.24
 Hellspark Elemental;$1.23
 Ignite Disorder;$0.17
 Infectious Horror;$0.15
 Inkwell Leviathan;$1.24
 Jhessian Balmgiver;$0.18
 Kaleidostone;$0.15
 Kederekt Parasite;$1.95
 Knight of the Reliquary;$9.76
 Knotvine Mystic;$0.39
 Kranioceros;$0.14
 Lapse of Certainty;$0.16
 Maelstrom Archangel;$10.23
 Magister Sphinx;$1.60
 Malfegor;$1.59
 Mana Cylix;$0.15
 Manaforce Mace;$0.17
 Maniacal Rage;$0.15
 Mark of Asylum;$1.88
 Martial Coup;$1.62
 Master Transmuter;$8.38
 Matca Rioters;$0.15
 Meglonoth;$0.91
 Might of Alara;$0.15
 Mirror-Sigil Sergeant;$1.82
 Molten Frame;$0.15
 Nacatl Hunt-Pride;$0.16
 Nacatl Outlander;$0.15
 Nacatl Savage;$0.15
 Nicol Bolas, Planeswalker;$9.38
 Noble Hierarch;$62.46
 Nyxathid;$4.60
 Obelisk of Alara;$1.11
 Paleoloth;$0.40
 Paragon of the Amesha;$0.20
 Parasitic Strix;$0.15
 Path to Exile;$11.13
 Pestilent Kathari;$0.15
 Progenitus;$12.21
 Quenchable Fire;$0.14
 Rakka Mar;$1.75
 Reliquary Tower;$2.99
 Rhox Bodyguard;$0.15
 Rhox Meditant;$0.15
 Rotting Rats;$0.27
 Rupture Spire;$0.20
 Sacellum Archers;$0.18
 Salvage Slasher;$0.15
 Scarland Thrinax;$0.17
 Scattershot Archer;$0.38
 Scepter of Dominance;$0.32
 Scepter of Fugue;$0.40
 Scepter of Insight;$0.37
 Scornful Aether-Lich;$0.16
 Sedraxis Alchemist;$0.15
 Shambling Remains;$0.19
 Shard Convergence;$0.22
 Sigil of the Empty Throne;$1.60
 Skyward Eye Prophets;$0.20
 Sludge Strider;$0.18
 Soul's Majesty;$0.83
 Sphinx Summoner;$1.86
 Spore Burst;$0.17
 Suicidal Charge;$0.15
 Sylvan Bounty;$0.15
 Telemin Performance;$1.16
 Thornling;$2.07
 Toxic Iguanar;$0.15
 Traumatic Visions;$0.15
 Tukatongue Thallid;$0.15
 Unstable Frontier;$0.20
 Unsummon;$0.15
 Vagrant Plowbeasts;$0.19
 Valeron Outlander;$0.15
 Valiant Guard;$0.15
 Vectis Agents;$0.14
 Vedalken Outlander;$0.15
 Viashino Slaughtermaster;$0.17
 View from Above;$0.17
 Voices from the Void;$0.16
 Volcanic Fallout;$0.47
 Voracious Dragon;$0.84
 Wall of Reverence;$2.36
 Wandering Goblins;$0.15
 Wild Leotau;$0.15
 Worldheart Phoenix;$0.29
 Worldly Counsel;$0.15
 Wretched Banquet;$0.15
 Yoke of the Damned;$0.15
 Zombie Outlander;$0.15
