 Abandon Reason;$0.16
 Abundant Maw;$0.15
 Advanced Stitchwing;$0.17
 Alchemist's Greeting;$0.14
 Assembled Alphas;$0.22
 Backwoods Survivalists;$0.15
 Bedlam Reveler;$2.62
 Blessed Alliance;$0.53
 Blood Mist;$0.16
 Bloodbriar;$0.14
 Bloodhall Priest;$0.49
 Bold Impaler;$0.14
 Boon of Emrakul;$0.14
 Borrowed Grace;$0.14
 Borrowed Hostility;$0.14
 Borrowed Malevolence;$0.15
 Brazen Wolves;$0.15
 Bruna, the Fading Light;$1.20
 Campaign of Vengeance;$0.18
 Cathar's Shield;$0.14
 Cemetery Recruitment;$0.14
 Certain Death;$0.15
 Chilling Grasp;$0.16
 Choking Restraints;$0.14
 Clear Shot;$0.17
 Coax from the Blind Eternities;$0.39
 Collective Brutality;$5.74
 Collective Defiance;$3.99
 Collective Effort;$0.65
 Conduit of Storms;$0.14
 Contingency Plan;$0.14
 Convolute;$0.15
 Courageous Outrider;$0.18
 Crop Sigil;$0.18
 Crossroads Consecrator;$0.15
 Cryptbreaker;$1.51
 Cryptolith Fragment;$0.19
 Cultist's Staff;$0.15
 Curious Homunculus;$0.30
 Dark Salvation;$0.57
 Dawn Gryff;$0.15
 Decimator of the Provinces;$2.42
 Deploy the Gatewatch;$1.05
 Deranged Whelp;$0.16
 Desperate Sentry;$0.14
 Displace;$0.15
 Distemper of the Blood;$0.14
 Distended Mindbender;$1.20
 Docent of Perfection;$0.36
 Drag Under;$0.14
 Drogskol Shieldmate;$0.19
 Drownyard Behemoth;$0.19
 Dusk Feaster;$0.20
 Elder Deep-Fiend;$3.33
 Eldritch Evolution;$4.06
 Emrakul's Evangel;$0.26
 Emrakul's Influence;$0.17
 Emrakul, the Promised End;$19.51
 Enlightened Maniac;$0.14
 Eternal Scourge;$0.41
 Extricator of Sin;$0.16
 Exultant Cultist;$0.14
 Faith Unbroken;$0.17
 Faithbearer Paladin;$0.15
 Falkenrath Reaver;$0.15
 Field Creeper;$0.15
 Fiend Binder;$0.15
 Fogwalker;$0.14
 Fortune's Favor;$0.15
 Foul Emissary;$0.15
 Furyblade Vampire;$0.15
 Galvanic Bombardment;$0.26
 Gavony Unhallowed;$0.14
 Geier Reach Sanitarium;$0.75
 Geist of the Archives;$0.14
 Geist of the Lonely Vigil;$0.18
 Geist-Fueled Scarecrow;$0.20
 Gisa and Geralf;$2.10
 Gisela, the Broken Blade;$9.49
 Give No Ground;$0.15
 Gnarlwood Dryad;$0.43
 Graf Harvest;$0.15
 Graf Rats;$0.14
 Grapple with the Past;$0.18
 Grim Flayer;$19.00
 Grizzled Angler;$0.17
 Guardian of PIlgrims;$0.14
 Hamlet Captain;$0.18
 Hanweir Battlements;$0.70
 Hanweir Garrison;$1.62
 Harmless Offering;$0.46
 Haunted Dead;$0.38
 Heron's Grace Champion;$0.33
 Identity Thief;$0.25
 Impetuous Devils;$0.24
 Imprisoned in the Moon;$0.56
 Incendiary Flow;$1.17
 Ingenious Skaab;$0.15
 Insatiable Gorgers;$0.19
 Ironclad Slayer;$0.14
 Ironwright's Cleansing;$0.14
 Ishkanah, Grafwidow;$8.50
 It of the Horrid Swarm;$0.14
 Kessig Prowler;$0.24
 Laboratory Brute;$0.15
 Lashweed Lurker;$0.18
 Liliana's Elite;$0.17
 Liliana, the Last Hope;$41.87
 Lone Rider;$0.40
 Long Road Home;$0.14
 Lunar Force;$0.16
 Lunarch Mantle;$0.15
 Lupine Prototype;$0.99
 Make Mischief;$0.14
 Markov Crusader;$0.19
 Mausoleum Wanderer;$1.28
 Mercurial Geists;$0.17
 Midnight Scavengers;$0.14
 Mind's Dilation;$1.03
 Mirrorwing Dragon;$1.50
 Mockery of Nature;$0.17
 Mournwillow;$0.18
 Murder;$0.27
 Nahiri's Wrath;$2.06
 Nebelgast Herald;$0.25
 Nephalia Academy;$0.21
 Niblis of Frost;$0.57
 Noose Constrictor;$0.26
 Noosegraf Mob;$0.26
 Oath of Liliana;$0.47
 Olivia's Dragoon;$0.14
 Otherworldly Outburst;$0.14
 Peace of Mind;$0.16
 Permeating Mass;$0.37
 Prey Upon;$0.13
 Primal Druid;$0.13
 Prophetic Ravings;$0.14
 Providence;$0.26
 Prying Questions;$0.16
 Repel the Abominable;$0.21
 Ride Down;$0.17
 Rise from the Grave;$0.14
 Ruthless Disposal;$0.19
 Sanctifier of Souls;$0.25
 Savage Alliance;$0.15
 Scour the Laboratory;$0.15
 Selfless Spirit;$10.29
 Shreds of Sanity;$0.15
 Shrill Howler;$0.16
 Sigarda's Aid;$1.01
 Sigardian Priest;$0.15
 Skirsdag Supplicant;$0.15
 Slayer's Cleaver;$0.22
 Smoldering Werewolf;$0.16
 Somberwald Stag;$0.17
 Soul Separator;$0.24
 Spectral Reserves;$0.14
 Spell Queller;$6.99
 Spirit of the Hunt;$0.31
 Splendid Reclamation;$0.99
 Spontaneous Mutation;$0.14
 Spreading Flames;$0.20
 Springsage Ritual;$0.15
 Steadfast Cathar;$0.15
 Stensia Banquet;$0.14
 Stensia Innkeeper;$0.14
 Stitcher's Graft;$0.29
 Strange Augmentation;$0.14
 Stromkirk Condemned;$0.68
 Stromkirk Occultist;$0.33
 Subjugator Angel;$0.18
 Succumb to Temptation;$0.14
 Summary Dismissal;$2.17
 Swift Spinner;$0.14
 Take Inventory;$0.15
 Tamiyo, Field Researcher;$11.10
 Tangleclaw Werewolf;$0.17
 Tattered Haunter;$0.15
 Terrarion;$0.14
 Thalia's Lancers;$0.57
 Thalia, Heretic Cathar;$3.06
 Thermo-Alchemist;$0.17
 Thirsting Axe;$0.15
 Thraben Foulbloods;$0.15
 Thraben Standard Bearer;$0.15
 Tree of Perdition;$2.99
 Turn Aside;$0.13
 Ulrich of the Krallenhorde;$1.45
 Ulvenwald Captive;$0.13
 Ulvenwald Observer;$0.22
 Unsubstantiate;$0.52
 Vampire Cutthroat;$0.19
 Vexing Scuttler;$0.16
 Vildin-Pack Outcast;$0.14
 Voldaren Pariah;$1.41
 Wailing Ghoul;$0.14
 Waxing Moon;$0.14
 Weaver of Lightning;$0.29
 Weirded Vampire;$0.15
 Wharf Infiltrator;$0.38
 Whispers of Emrakul;$0.27
 Wolfkin Bond;$0.15
 Woodcutter's Grit;$0.14
 Woodland Patrol;$0.15
 Wretched Gryff;$0.15
