 Abstruse Interference;$0.15
 Affa Protector;$0.15
 Akoum Flameseeker;$0.15
 Allied Reinforcements;$0.19
 Ancient Crab;$0.14
 Ayli, Eternal Pilgrim;$0.79
 Baloth Null;$0.17
 Baloth Pup;$0.20
 Bearer of Silence;$0.43
 Birthing Hulk;$0.15
 Blinding Drone;$0.14
 Bonds of Mortality;$0.16
 Bone Saw;$0.14
 Boulder Salvo;$0.15
 Brute Strength;$0.14
 Call the Gatewatch;$0.35
 Canopy Gorger;$0.15
 Captain's Claws;$0.50
 Chandra, Flamecaller;$7.49
 Chitinous Cloak;$0.20
 Cinder Barrens;$0.16
 Cinder Hellion;$0.15
 Cliffhaven Vampire;$0.23
 Comparative Analysis;$0.15
 Consuming Sinkhole;$0.15
 Containment Membrane;$0.14
 Corpse Churn;$0.15
 Corrupted Crossroads;$0.41
 Crumbling Vestige;$0.14
 Crush of Tentacles;$3.19
 Cultivator Drone;$0.15
 Cyclone Sire;$0.21
 Dazzling Reflection;$0.14
 Deceiver of Form;$0.31
 Deepfathom Skulker;$0.30
 Devour in Flames;$0.20
 Dimensional Infiltrator;$0.34
 Drana's Chosen;$0.29
 Dread Defiler;$0.25
 Eldrazi Aggressor;$0.15
 Eldrazi Displacer;$4.97
 Eldrazi Mimic;$0.75
 Eldrazi Obligator;$0.40
 Elemental Uprising;$0.15
 Embodiment of Fury;$0.20
 Embodiment of Insight;$0.20
 Endbringer;$0.48
 Essence Depleter;$0.16
 Expedite;$0.14
 Expedition Raptor;$0.15
 Fall of the Titans;$0.36
 Flayer Drone;$0.15
 Flaying Tendrils;$0.23
 General Tazri;$0.69
 Gift of Tusks;$0.21
 Gladehart Cavalry;$0.23
 Goblin Dark-Dwellers;$1.33
 Goblin Freerunner;$0.14
 Grasp of Darkness;$0.96
 Gravity Negator;$0.15
 Grip of the Roil;$0.16
 Harvester Troll;$0.16
 Havoc Sower;$0.21
 Hedron Alignment;$0.30
 Hedron Crawler;$0.15
 Hissing Quagmire;$3.40
 Holdout Settlement;$0.12
 Immobilizer Eldrazi;$0.20
 Immolating Glare;$0.21
 Inverter of Truth;$0.75
 Iona's Blessing;$0.21
 Isolation Zone;$0.15
 Joraga Auxiliary;$0.16
 Jori En, Ruin Diver;$0.37
 Jwar Isle Avenger;$0.15
 Kalitas, Traitor of Ghet;$22.67
 Kazuul's Toll Collector;$0.22
 Kor Scythemaster;$0.15
 Kor Sky Climber;$0.15
 Kozilek's Pathfinder;$0.15
 Kozilek's Return;$11.78
 Kozilek's Shrieker;$0.15
 Kozilek's Translator;$0.14
 Kozilek, the Great Distortion;$3.90
 Lead by Example;$0.15
 Linvala, the Preserver;$2.40
 Loam Larva;$0.15
 Make a Stand;$0.15
 Makindi Aeronaut;$0.15
 Malakir Soothsayer;$0.17
 Matter Reshaper;$2.85
 Maw of Kozilek;$0.15
 Meandering River;$0.19
 Mighty Leap;$0.15
 Mina and Denn, Wildborn;$0.51
 Mindmelter;$0.19
 Mirrorpool;$1.70
 Munda's Vanguard;$0.31
 Natural State;$0.15
 Needle Spires;$4.35
 Negate;$0.16
 Netcaster Spider;$0.15
 Nissa's Judgment;$0.20
 Nissa, Voice of Zendikar;$6.15
 Null Caller;$0.21
 Oath of Chandra;$0.29
 Oath of Gideon;$0.50
 Oath of Jace;$0.52
 Oath of Nissa;$2.48
 Oblivion Strike;$0.14
 Ondu War Cleric;$0.15
 Overwhelming Denial;$0.35
 Press into Service;$0.20
 Prophet of Distortion;$0.14
 Pulse of Murasa;$0.14
 Pyromancer's Assault;$0.17
 Reality Hemorrhage;$0.15
 Reality Smasher;$3.63
 Reaver Drone;$0.15
 Reckless Bushwhacker;$0.76
 Reflector Mage;$1.15
 Relentless Hunter;$0.17
 Relief Captain;$0.20
 Remorseless Punishment;$0.28
 Roiling Waters;$0.21
 Ruin in Their Wake;$0.18
 Ruins of Oran-Rief;$0.37
 Saddleback Lagac;$0.15
 Scion Summoner;$0.14
 Sea Gate Wreckage;$0.58
 Searing Light;$0.15
 Seed Guardian;$0.16
 Seer's Lantern;$0.15
 Shoulder to Shoulder;$0.15
 Sifter of Skulls;$0.31
 Sky Scourer;$0.14
 Slaughter Drone;$0.15
 Slip Through Space;$0.15
 Sparkmage's Gambit;$0.14
 Spatial Contortion;$0.26
 Spawnbinder Mage;$0.15
 Sphinx of the Final Word;$1.08
 Stalking Drone;$0.15
 Steppe Glider;$0.21
 Stone Haven Outfitter;$0.57
 Stoneforge Acolyte;$0.20
 Stoneforge Masterwork;$0.70
 Stormchaser Mage;$0.48
 Strider Harness;$0.20
 Submerged Boneyard;$0.17
 Sweep Away;$0.14
 Sylvan Advocate;$4.16
 Tajuru Pathwarden;$0.15
 Tar Snare;$0.15
 Tears of Valakut;$0.18
 Thought Harvester;$0.20
 Thought-Knot Seer;$5.91
 Timber Gorge;$0.19
 Tranquil Expanse;$0.20
 Tyrant of Valakut;$0.30
 Umara Entangler;$0.14
 Unity of Purpose;$0.21
 Unknown Shores;$0.15
 Unnatural Endurance;$0.14
 Untamed Hunger;$0.15
 Vampire Envoy;$0.14
 Vile Redeemer;$0.30
 Vines of the Recluse;$0.14
 Visions of Brutality;$0.19
 Void Grafter;$0.19
 Void Shatter;$0.71
 Walker of the Wastes;$0.20
 Wall of Resurgence;$0.22
 Wandering Fumarole;$6.50
 Warden of Geometries;$0.15
 Warping Wail;$0.41
 Wastes;$0.93
 Wastes (183 Full Art);$0.29
 Wastes (184 Full Art);$0.30
 Wastes (184);$0.77
 Weapons Trainer;$0.16
 Witness the End;$0.15
 World Breaker;$3.79
 Zada's Commando;$0.15
 Zendikar Resurgent;$0.52
 Zulaport Chainmage;$0.14
