 Affa Guard Hound;$0.18
 Akoum Boulderfoot;$0.17
 All Is Dust;$9.98
 Ancient Stirrings;$3.52
 Angelheart Vial;$0.33
 Arrogant Bloodlord;$0.18
 Artisan of Kozilek;$0.63
 Aura Finesse;$0.15
 Aura Gnarlid;$0.17
 Awakening Zone;$4.51
 Bala Ged Scorpion;$0.15
 Baneful Omen;$0.34
 Battle Rampart;$0.15
 Battle-Rattle Shaman;$0.15
 Bear Umbra;$4.30
 Beastbreaker of Bala Ged;$0.17
 Bloodrite Invoker;$0.15
 Bloodthrone Vampire;$0.15
 Boar Umbra;$0.18
 Bramblesnap;$0.17
 Brimstone Mage;$0.16
 Brood Birthing;$0.20
 Broodwarden;$0.31
 Cadaver Imp;$0.15
 Caravan Escort;$0.14
 Cast Through Time;$2.31
 Champion's Drake;$0.14
 Conquering Manticore;$0.30
 Consume the Meek;$0.54
 Consuming Vapors;$0.91
 Contaminated Ground;$0.15
 Coralhelm Commander;$2.32
 Corpsehatch;$0.17
 Crab Umbra;$0.20
 Curse of Wizardry;$0.19
 Daggerback Basilisk;$0.15
 Dawnglare Invoker;$0.15
 Death Cultist;$0.15
 Deathless Angel;$2.19
 Demonic Appetite;$0.14
 Demystify;$0.15
 Deprive;$0.97
 Devastating Summons;$0.99
 Disaster Radius;$0.28
 Distortion Strike;$1.88
 Domestication;$0.19
 Dormant Gomazoa;$0.28
 Drake Umbra;$0.17
 Drana, Kalastria Bloodchief;$1.13
 Dread Drone;$0.14
 Dreamstone Hedron;$0.20
 Echo Mage;$0.56
 Eel Umbra;$0.15
 Eland Umbra;$0.15
 Eldrazi Conscription;$11.69
 Eldrazi Temple;$7.15
 Emerge Unscathed;$0.49
 Emrakul's Hatcher;$0.18
 Emrakul, the Aeons Torn;$38.03
 Enatu Golem;$0.17
 Enclave Cryptologist;$0.28
 Escaped Null;$0.18
 Essence Feed;$0.15
 Evolving Wilds;$0.18
 Explosive Revelation;$0.16
 Fissure Vent;$0.15
 Flame Slash;$0.48
 Fleeting Distraction;$0.15
 Forked Bolt;$0.73
 Frostwind Invoker;$0.15
 Gelatinous Genesis;$0.70
 Gideon Jura;$5.63
 Gigantomancer;$0.30
 Gloomhunter;$0.15
 Glory Seeker;$0.15
 Goblin Arsonist;$0.15
 Goblin Tunneler;$0.15
 Gravitational Shift;$0.42
 Gravity Well;$0.36
 Grotag Siege-Runner;$0.15
 Growth Spasm;$0.23
 Guard Duty;$0.14
 Guard Gomazoa;$0.31
 Guul Draz Assassin;$4.01
 Hada Spy Patrol;$0.17
 Halimar Wavewatch;$0.15
 Hand of Emrakul;$0.20
 Harmless Assault;$0.15
 Haze Frog;$0.14
 Heat Ray;$0.15
 Hedron Matrix;$0.97
 Hedron-Field Purists;$0.31
 Hellcarver Demon;$1.11
 Hellion Eruption;$0.29
 Hyena Umbra;$1.13
 Ikiral Outrider;$0.15
 Induce Despair;$0.15
 Inquisition of Kozilek;$9.92
 Irresistible Prey;$0.19
 It That Betrays;$3.60
 Jaddi Lifestrider;$0.17
 Joraga Treespeaker;$1.75
 Jwari Scuttler;$0.15
 Kabira Vindicator;$0.18
 Kargan Dragonlord;$6.53
 Kazandu Tuskcaller;$0.49
 Keening Stone;$3.38
 Khalni Hydra;$11.49
 Kiln Fiend;$1.13
 Knight of Cliffhaven;$0.15
 Kor Line-Slinger;$0.15
 Kor Spiritdancer;$9.92
 Kozilek's Predator;$0.19
 Kozilek, Butcher of Truth;$20.75
 Lagac Lizard;$0.15
 Last Kiss;$0.15
 Lavafume Invoker;$0.15
 Lay Bare;$0.14
 Leaf Arrow;$0.15
 Lighthouse Chronologist;$9.48
 Lightmine Field;$0.85
 Linvala, Keeper of Silence;$47.45
 Living Destiny;$0.15
 Lone Missionary;$0.65
 Lord of Shatterskull Pass;$0.97
 Luminous Wake;$0.20
 Lust for War;$0.17
 Magmaw;$0.28
 Makindi Griffin;$0.15
 Mammoth Umbra;$0.18
 Merfolk Observer;$0.15
 Merfolk Skyscout;$0.17
 Might of the Masses;$0.15
 Mnemonic Wall;$0.15
 Momentous Fall;$1.83
 Mortician Beetle;$0.99
 Mul Daya Channelers;$1.68
 Narcolepsy;$0.15
 Naturalize;$0.15
 Near-Death Experience;$0.55
 Nema Siltlurker;$0.15
 Nest Invader;$0.19
 Nighthaze;$0.14
 Nirkana Cutthroat;$0.43
 Nirkana Revenant;$19.94
 Nomads' Assembly;$0.39
 Not Of This World;$1.43
 Null Champion;$0.15
 Ogre Sentry;$0.15
 Ogre's Cleaver;$0.18
 Ondu Giant;$0.15
 Oust;$0.20
 Overgrown Battlement;$0.24
 Pathrazer of Ulamog;$1.73
 Pawn of Ulamog;$0.29
 Pelakka Wurm;$0.26
 Pennon Blade;$0.20
 Perish the Thought;$0.15
 Pestilence Demon;$0.70
 Phantasmal Abomination;$0.18
 Prey's Vengeance;$0.21
 Prophetic Prism;$0.18
 Puncturing Light;$0.14
 Rage Nimbus;$0.40
 Raid Bombardment;$0.15
 Rapacious One;$0.22
 Reality Spasm;$0.19
 Realms Uncharted;$2.79
 Recurring Insight;$1.25
 Regress;$0.15
 Reinforced Bulwark;$0.15
 Renegade Doppelganger;$0.36
 Repay In Kind;$0.30
 Repel the Darkness;$0.14
 Runed Servitor;$0.17
 Sarkhan the Mad;$7.00
 Sea Gate Oracle;$0.22
 See Beyond;$0.17
 Shared Discovery;$0.15
 Shrivel;$0.15
 Skeletal Wurm;$0.19
 Skittering Invasion;$0.99
 Skywatcher Adept;$0.14
 Smite;$0.15
 Snake Umbra;$0.20
 Soul's Attendant;$1.75
 Soulbound Guardians;$0.17
 Soulsurge Elemental;$0.17
 Spawning Breath;$0.17
 Spawnsire of Ulamog;$4.87
 Sphinx of Magosi;$0.59
 Sphinx-Bone Wand;$0.33
 Spider Umbra;$0.89
 Splinter Twin;$3.63
 Sporecap Spider;$0.14
 Staggershock;$0.19
 Stalwart Shield-Bearers;$0.17
 Stomper Cub;$0.15
 Student of Warfare;$3.99
 Suffer the Past;$0.32
 Surrakar Spellblade;$0.30
 Surreal Memoir;$0.17
 Survival Cache;$0.19
 Tajuru Preserver;$1.85
 Thought Gorger;$0.30
 Time of Heroes;$0.20
 Totem-Guide Hartebeest;$0.15
 Training Grounds;$5.95
 Traitorous Instinct;$0.16
 Transcendent Master;$5.70
 Tuktuk the Explorer;$0.79
 Ulamog's Crusher;$0.26
 Ulamog, the Infinite Gyre;$17.16
 Umbra Mystic;$0.92
 Unified Will;$0.32
 Valakut Fireboar;$0.18
 Vendetta;$0.15
 Venerated Teacher;$0.15
 Vengevine;$18.99
 Vent Sentinel;$0.15
 Virulent Swipe;$0.21
 Wall of Omens;$2.85
 Warmonger's Chariot;$0.18
 Wildheart Invoker;$0.15
 World at War;$1.83
 Wrap in Flames;$0.15
 Zof Shade;$0.15
 Zulaport Enforcer;$0.15
