 Ad Nauseam;$6.18
 Agony Warp;$0.16
 Ajani Vengeant;$11.00
 Akrasan Squire;$0.24
 Algae Gharial;$0.19
 Angel's Herald;$0.18
 Angelic Benediction;$0.24
 Angelsong;$0.19
 Arcane Sanctum;$1.91
 Archdemon of Unx;$0.36
 Banewasp Affliction;$0.15
 Bant Battlemage;$0.20
 Bant Charm;$0.93
 Bant Panorama;$0.17
 Battlegrace Angel;$1.16
 Behemoth's Herald;$0.20
 Blightning;$0.70
 Blister Beetle;$0.15
 Blood Cultist;$0.21
 Bloodpyre Elemental;$0.15
 Bloodthorn Taunter;$0.15
 Bone Splinters;$0.16
 Branching Bolt;$0.15
 Brilliant Ultimatum;$0.36
 Broodmate Dragon;$1.20
 Bull Cerodon;$0.18
 Caldera Hellion;$0.37
 Call to Heel;$0.16
 Cancel;$0.15
 Carrion Thrash;$0.15
 Cathartic Adept;$0.15
 Cavern Thoctar;$0.15
 Clarion Ultimatum;$0.35
 Cloudheath Drake;$0.15
 Coma Veil;$0.15
 Corpse Connoisseur;$0.21
 Courier's Capsule;$0.16
 Court Archers;$0.15
 Covenant of Minds;$0.38
 Cradle of Vitality;$0.72
 Crucible of Fire;$1.27
 Cruel Ultimatum;$0.55
 Crumbling Necropolis;$0.98
 Cunning Lethemancer;$0.44
 Cylian Elf;$0.15
 Dawnray Archer;$0.18
 Death Baron;$19.32
 Deathgreeter;$0.24
 Deft Duelist;$0.15
 Demon's Herald;$0.18
 Dispeller's Capsule;$0.15
 Dragon Fodder;$0.27
 Dragon's Herald;$0.17
 Dreg Reaver;$0.15
 Dregscape Zombie;$0.16
 Druid of the Anima;$0.22
 Drumhunter;$0.20
 Elspeth, Knight-Errant;$13.93
 Elvish Visionary;$0.19
 Empyrial Archangel;$3.34
 Esper Battlemage;$0.18
 Esper Charm;$1.85
 Esper Panorama;$0.18
 Etherium Astrolabe;$0.17
 Etherium Sculptor;$0.49
 Ethersworn Canonist;$4.74
 Excommunicate;$0.15
 Executioner's Capsule;$0.18
 Exuberant Firestoker;$0.18
 Fatestitcher;$1.25
 Feral Hydra;$1.67
 Filigree Sages;$0.20
 Fire-Field Ogre;$0.18
 Flameblast Dragon;$0.64
 Fleshbag Marauder;$0.35
 Gather Specimens;$0.53
 Gift of the Gargantuan;$0.15
 Glaze Fiend;$0.16
 Goblin Assault;$1.90
 Goblin Deathraiders;$0.17
 Goblin Mountaineer;$0.15
 Godsire;$5.94
 Godtoucher;$0.15
 Grixis Battlemage;$0.19
 Grixis Charm;$0.17
 Grixis Panorama;$0.17
 Guardians of Akrasa;$0.16
 Gustrider Exuberant;$0.15
 Hell's Thunder;$0.69
 Hellkite Overlord;$6.11
 Hindering Light;$0.51
 Hissing Iguanar;$0.16
 Immortal Coil;$0.39
 Incurable Ogre;$0.15
 Infest;$0.20
 Invincible Hymn;$0.39
 Jhessian Infiltrator;$0.29
 Jhessian Lookout;$0.15
 Jund Battlemage;$0.18
 Jund Charm;$0.28
 Jund Panorama;$0.17
 Jungle Shrine;$0.99
 Jungle Weaver;$0.32
 Kathari Screecher;$0.15
 Kederekt Creeper;$0.15
 Kederekt Leviathan;$0.99
 Keeper of Progenitus;$0.39
 Kiss of the Amesha;$0.18
 Knight of the Skyward Eye;$0.15
 Knight of the White Orchid;$3.14
 Knight-Captain of Eos;$1.28
 Kresh the Bloodbraided;$2.45
 Lich's Mirror;$5.33
 Lightning Talons;$0.15
 Lush Growth;$0.15
 Magma Spray;$0.16
 Manaplasm;$0.29
 Marble Chalice;$0.16
 Master of Etherium;$9.88
 Mayael the Anima;$1.13
 Memory Erosion;$2.26
 Metallurgeon;$0.18
 Mighty Emergence;$0.19
 Mindlock Orb;$0.41
 Minion Reflector;$0.49
 Mosstodon;$0.15
 Mycoloth;$3.33
 Naturalize;$0.15
 Naya Battlemage;$0.18
 Naya Charm;$0.20
 Naya Panorama;$0.18
 Necrogenesis;$0.18
 Obelisk of Bant;$0.15
 Obelisk of Esper;$0.15
 Obelisk of Grixis;$0.15
 Obelisk of Jund;$0.15
 Obelisk of Naya;$0.15
 Oblivion Ring;$0.32
 Onyx Goblet;$0.15
 Ooze Garden;$0.37
 Outrider of Jhess;$0.15
 Predator Dragon;$1.12
 Prince of Thralls;$3.48
 Protomatter Powder;$0.16
 Punish Ignorance;$0.31
 Puppet Conjurer;$0.18
 Qasali Ambusher;$0.39
 Quietus Spike;$3.64
 Rafiq of the Many;$6.79
 Rakeclaw Gargantuan;$0.15
 Ranger of Eos;$9.26
 Realm Razer;$0.35
 Relic of Progenitus;$2.03
 Resounding Roar;$0.15
 Resounding Scream;$0.15
 Resounding Silence;$0.15
 Resounding Thunder;$0.15
 Resounding Wave;$0.15
 Rhox Charger;$0.20
 Rhox War Monk;$0.23
 Ridge Rannet;$0.15
 Rip-Clan Crasher;$0.15
 Rockcaster Platoon;$0.21
 Rockslide Elemental;$0.24
 Sacellum Godspeaker;$0.29
 Salvage Titan;$0.39
 Sanctum Gargoyle;$0.16
 Sangrite Surge;$0.19
 Sarkhan Vol;$10.83
 Savage Hunger;$0.15
 Savage Lands;$1.10
 Scavenger Drake;$0.19
 Scourge Devil;$0.17
 Scourglass;$1.87
 Seaside Citadel;$1.92
 Sedraxis Specter;$0.49
 Sedris, the Traitor King;$2.98
 Shadowfeed;$0.15
 Sharding Sphinx;$0.37
 Sharuum the Hegemon;$1.05
 Shore Snapper;$0.15
 Sighted-Caste Sorcerer;$0.15
 Sigil Blessing;$0.17
 Sigil of Distinction;$0.40
 Sigiled Paladin;$0.72
 Skeletal Kathari;$0.15
 Skeletonize;$0.18
 Skill Borrower;$0.38
 Skullmulcher;$0.45
 Soul's Fire;$0.22
 Soul's Grace;$0.15
 Soul's Might;$0.15
 Spearbreaker Behemoth;$1.99
 Spell Snip;$0.15
 Sphinx Sovereign;$2.70
 Sphinx's Herald;$0.18
 Sprouting Thrinax;$0.21
 Steelclad Serpent;$0.15
 Steward of Valeron;$0.20
 Stoic Angel;$1.86
 Sunseed Nurturer;$0.21
 Swerve;$0.38
 Tar Fiend;$0.38
 Tezzeret the Seeker;$8.95
 Thorn-Thrash Viashino;$0.15
 Thoughtcutter Agent;$0.18
 Thunder-Thrash Elder;$0.19
 Tidehollow Sculler;$0.44
 Tidehollow Strix;$0.19
 Titanic Ultimatum;$0.34
 Topan Ascetic;$0.18
 Tortoise Formation;$0.15
 Tower Gargoyle;$0.17
 Undead Leotau;$0.15
 Vectis Silencers;$0.15
 Vein Drinker;$0.38
 Viashino Skeleton;$0.15
 Vicious Shadows;$0.98
 Violent Ultimatum;$0.45
 Viscera Dragger;$0.19
 Vithian Stinger;$0.15
 Volcanic Submersion;$0.15
 Waveskimmer Aven;$0.15
 Welkin Guide;$0.15
 Where Ancients Tread;$0.38
 Wild Nacatl;$2.31
 Windwright Mage;$0.15
 Woolly Thoctar;$0.32
 Yoked Plowbeast;$0.16
